NGUID,State,LATITUDE,LONGITUDE,ORIG_ADDR,GEOCITY,GEOZIP,GEOSTATE,GEOCOUNTY,DACSTS,CT_DAC_score,50k_ave_DACS,utility_name,utilitytype,coal_community,FFE_threshold,imageryDate.year,imageryDate.month,imageryDate.day,solarPotential.maxArrayPanelsCount,whole_sun_quant,google_place_name,google_place_type,google_full_adrs,nominal_power,predicted_mean_annual_power,houses_powered
URN:EMERGENCY:UID:GIS:SSAP:14108:GREENE.IN.US,IN,39.042062,-87.1725789995,618 W GLENBURN RD,LINTON,47441,IN,GREENE,1,19.777107,16.806161,LINTON MUNICIPAL UTILITIES,Municipal,1,1,2020,9,20,3859,1281.27272727272,Glenburn Home,"['point_of_interest', 'health', 'establishment']","205 Soo Line Railroad, Linton, IN 47441, USA",1157700,1186663.5490909023,112.31
URN:EMERGENCY:UID:GIS:SSAP:2585:DUBOIS.IN.US,IN,38.2797979997,-86.9604110005,903 SOUTH MAIN STREET,HUNTINGBURG,47542,IN,DUBOIS,1,18.645156,16.6906149999999,HUNTINGBURG MUNICIPAL ELECTRIC UTILITY,Municipal,1,1,2022,5,12,1244,1367.72727272727,Central Christian Church,"['church', 'place_of_worship', 'point_of_interest', 'establishment']","903 S Main St, Huntingburg, IN 47542, USA",373200,408348.6545454537,38.65
URN:EMERGENCY:UID:GIS:SSAP:533:DUBOIS.IN.US,IN,38.308784,-86.9597569995,110 EAST VETERANS PARKWAY,HUNTINGBURG,47542,IN,DUBOIS,1,18.645156,16.6084332285714,HUNTINGBURG MUNICIPAL ELECTRIC UTILITY,Municipal,1,1,2022,5,12,1228,1320.36363636363,Huntingburg,"['locality', 'political']","110 East 14th Street, Huntingburg, IN 47542, USA",368400,389137.570909089,36.83
URN:EMERGENCY:UID:GIS:SSAP:1622:DUBOIS.IN.US,IN,38.2954840002,-86.9483369996,317 ST MARYS DRIVE WEST,HUNTINGBURG,47542,IN,DUBOIS,1,18.645156,16.7409827428571,HUNTINGBURG MUNICIPAL ELECTRIC UTILITY,Municipal,1,1,2022,5,12,961,1329.0909090909,Guadalupe Center,"['church', 'place_of_worship', 'point_of_interest', 'establishment']","313 N Washington St, Huntingburg, IN 47542, USA",288300,306541.5272727252,29.01
URN:EMERGENCY:UID:GIS:SSAP:2945:DAVIESS.IN.US,IN,38.6607490003,-87.1726570001,405 NE 3RD ST,WASHINGTON,47501,IN,DAVIESS,1,20.305114,17.5337844722222,WASHINGTON LIGHT AND POWER,Municipal,1,1,2020,9,5,960,1316.27272727272,Our Lady of Hope,"['church', 'place_of_worship', 'point_of_interest', 'establishment']","405 NE 3rd St, Washington, IN 47501, USA",288000,303269.2363636347,28.7
URN:EMERGENCY:UID:GIS:SSAP:764:DUBOIS.IN.US,IN,38.2963660004,-86.9585289996,202 EAST FOURTH STREET,HUNTINGBURG,47542,IN,DUBOIS,1,18.645156,16.7409827428571,HUNTINGBURG MUNICIPAL ELECTRIC UTILITY,Municipal,1,1,2022,5,12,737,1216.45454545454,Salem United Church of Christ,"['church', 'place_of_worship', 'point_of_interest', 'establishment']","202 E 4th St, Huntingburg, IN 47542, USA",221100,215166.47999999905,20.36
URN:EMERGENCY:UID:GIS:SSAP:1393:DAVIESS.IN.US,IN,38.648982,-87.1692309996,705 TROY RD,WASHINGTON,47501,IN,DAVIESS,1,20.305114,17.5337844722222,WASHINGTON LIGHT AND POWER,Municipal,1,1,2020,9,5,714,1239.63636363636,Grace Baptist Church,"['church', 'place_of_worship', 'point_of_interest', 'establishment']","705 Troy Rd, Washington, IN 47501, USA",214200,212424.08727272667,20.1
URN:EMERGENCY:UID:GIS:SSAP:5287:DAVIESS.IN.US,IN,38.648718,-87.169505,418 E HIGHLAND AVE,WASHINGTON,47501,IN,DAVIESS,1,20.305114,17.5337844722222,WASHINGTON LIGHT AND POWER,Municipal,1,1,2020,9,5,714,1239.63636363636,Grace Baptist Church,"['church', 'place_of_worship', 'point_of_interest', 'establishment']","705 E Highland Ave, Washington, IN 47501, USA",214200,212424.08727272667,20.1
URN:EMERGENCY:UID:GIS:SSAP:3257:DAVIESS.IN.US,IN,38.6583599996,-87.1752910005,104 N MERIDIAN ST,WASHINGTON,47501,IN,DAVIESS,1,20.305114,17.5337844722222,WASHINGTON LIGHT AND POWER,Municipal,1,1,2020,9,5,705,1240.90909090909,Parsons Kimberly W DDS,"['dentist', 'health', 'point_of_interest', 'establishment']","104 N Meridian St, Washington, IN 47501, USA",211500,209961.81818181803,19.87
URN:EMERGENCY:UID:GIS:SSAP:2570:DAVIESS.IN.US,IN,38.6588210004,-87.1742359998,100 E WALNUT ST,WASHINGTON,47501,IN,DAVIESS,1,20.305114,17.5337844722222,WASHINGTON LIGHT AND POWER,Municipal,1,1,2020,9,5,571,1307.0909090909,First Baptist Church,"['church', 'place_of_worship', 'point_of_interest', 'establishment']","254 NE 1st St, Washington, IN 47501, USA",171300,179123.73818181694,16.95
URN:EMERGENCY:UID:GIS:SSAP:1610:DAVIESS.IN.US,IN,38.6478749997,-87.1725250006,301 E HIGHLAND AV,WASHINGTON,47501,IN,DAVIESS,1,20.305114,17.5337844722222,WASHINGTON LIGHT AND POWER,Municipal,1,1,2020,9,5,537,1342.81818181818,Goodwill Store & Donation Center,"['store', 'point_of_interest', 'establishment']","1080 IN-57, Washington, IN 47501, USA",161100,173062.40727272702,16.38
URN:EMERGENCY:UID:GIS:SSAP:5354:DAVIESS.IN.US,IN,38.6601990004,-87.1731159996,310 NE 2ND ST,WASHINGTON,47501,IN,DAVIESS,1,20.305114,17.5337844722222,WASHINGTON LIGHT AND POWER,Municipal,1,1,2020,9,5,508,1315.90909090909,Washington Catholic Preschool,"['school', 'point_of_interest', 'establishment']","310 NE 2nd St, Washington, IN 47501, USA",152400,160435.63636363627,15.18
URN:EMERGENCY:UID:GIS:SSAP:1403:DAVIESS.IN.US,IN,38.6468419998,-87.1718039995,600 S STATE ROAD 57,WASHINGTON,47501,IN,DAVIESS,1,20.305114,17.5337844722222,WASHINGTON LIGHT AND POWER,Municipal,1,1,2020,9,5,502,1327.45454545454,Memorial Health Washington,"['health', 'point_of_interest', 'establishment']","600 IN-57 Ste A, Washington, IN 47501, USA",150600,159931.723636363,15.14
URN:EMERGENCY:UID:GIS:SSAP:5353:DAVIESS.IN.US,IN,38.659079,-87.1735859995,201 NE 2ND ST,WASHINGTON,47501,IN,DAVIESS,1,20.305114,17.5337844722222,WASHINGTON LIGHT AND POWER,Municipal,1,1,2020,9,5,498,1344.72727272727,First Baptist Church,"['church', 'place_of_worship', 'point_of_interest', 'establishment']","210 NE 2nd St, Washington, IN 47501, USA",149400,160721.80363636333,15.21
URN:EMERGENCY:UID:GIS:SSAP:5348:DAVIESS.IN.US,IN,38.657204,-87.1780109997,200 W MAIN ST,WASHINGTON,47501,IN,DAVIESS,1,21.171835,17.5337844722222,WASHINGTON LIGHT AND POWER,Municipal,1,1,2020,9,5,490,1312.90909090909,Harvest Community Fellowship,"['church', 'place_of_worship', 'point_of_interest', 'establishment']","200 W Main St, Washington, IN 47501, USA",147000,154398.10909090898,14.61
URN:EMERGENCY:UID:GIS:SSAP:3233:DAVIESS.IN.US,IN,38.6535520001,-87.1754119994,320 S MERIDIAN ST,WASHINGTON,47501,IN,DAVIESS,1,20.305114,17.5337844722222,WASHINGTON LIGHT AND POWER,Municipal,1,1,2020,9,5,485,1244.63636363636,Washington Assembly of God,"['church', 'place_of_worship', 'point_of_interest', 'establishment']","320 S Meridian St, Washington, IN 47501, USA",145500,144875.67272727232,13.71
URN:EMERGENCY:UID:GIS:SSAP:2637:DAVIESS.IN.US,IN,38.6597419998,-87.1725519998,110 E HEFRON ST,WASHINGTON,47501,IN,DAVIESS,1,20.305114,17.5337844722222,WASHINGTON LIGHT AND POWER,Municipal,1,1,2020,9,5,475,1169.45454545454,Public Health Sanitarian,"['local_government_office', 'health', 'point_of_interest', 'establishment']","201 NE 2nd St, Washington, IN 47501, USA",142500,133317.81818181757,12.62
URN:EMERGENCY:UID:GIS:SSAP:2079:DUBOIS.IN.US,IN,38.2971560004,-86.9558440005,416 NORTH MAIN STREET,HUNTINGBURG,47542,IN,DUBOIS,1,18.645156,16.7409827428571,HUNTINGBURG MUNICIPAL ELECTRIC UTILITY,Municipal,1,1,2022,5,12,460,1300.72727272727,Huntingburg United Methodist,"['church', 'place_of_worship', 'point_of_interest', 'establishment']","416 N Main St, Huntingburg, IN 47542, USA",138000,143600.29090909063,13.59
URN:EMERGENCY:UID:GIS:SSAP:16358:GREENE.IN.US,IN,39.0359850003,-87.1670799996,90 B ST NW,LINTON,47441,IN,GREENE,1,19.777107,16.806161,LINTON MUNICIPAL UTILITIES,Municipal,1,1,2020,9,20,444,1131.36363636363,Anderson-Poindexter Funeral Home,"['funeral_home', 'point_of_interest', 'establishment']","90 NW B St, Linton, IN 47441, USA",133200,120558.10909090839,11.41
URN:EMERGENCY:UID:GIS:SSAP:2093:DUBOIS.IN.US,IN,38.2950770001,-86.9577470001,314 NORTH GEIGER STREET,HUNTINGBURG,47542,IN,DUBOIS,1,18.645156,16.7409827428571,HUNTINGBURG MUNICIPAL ELECTRIC UTILITY,Municipal,1,1,2022,5,12,412,1251.90909090909,H&R Block,"['accounting', 'finance', 'point_of_interest', 'establishment']","314 N Geiger St, Huntingburg, IN 47542, USA",123600,123788.77090909083,11.72
URN:EMERGENCY:UID:GIS:SSAP:1830:DUBOIS.IN.US,IN,38.2911469997,-86.9525449994,505 EAST FIRST STREET,HUNTINGBURG,47542,IN,DUBOIS,1,18.645156,16.7409827428571,HUNTINGBURG MUNICIPAL ELECTRIC UTILITY,Municipal,1,1,2022,5,12,411,1275.18181818181,Huntingburg Police,"['police', 'point_of_interest', 'establishment']","505 E 1st St, Huntingburg, IN 47542, USA",123300,125783.93454545374,11.9
URN:EMERGENCY:UID:GIS:SSAP:2126:DUBOIS.IN.US,IN,38.2974970001,-86.9513929997,421 NORTH VAN BUREN STREET,HUNTINGBURG,47542,IN,DUBOIS,1,18.645156,16.7409827428571,HUNTINGBURG MUNICIPAL ELECTRIC UTILITY,Municipal,1,1,2022,5,12,410,1355.27272727272,Huntingburg Family Dentistry,"['dentist', 'point_of_interest', 'health', 'establishment']","421 N Van Buren St, Huntingburg, IN 47542, USA",123000,133358.83636363567,12.62
URN:EMERGENCY:UID:GIS:SSAP:2938:DAVIESS.IN.US,IN,38.6584500002,-87.1724940006,117 NE 3RD ST,WASHINGTON,47501,IN,DAVIESS,1,20.305114,17.5337844722222,WASHINGTON LIGHT AND POWER,Municipal,1,1,2020,9,5,407,1353.81818181818,Washington Municipal Utility,"['local_government_office', 'point_of_interest', 'establishment']","117 NE 3rd St, Washington, IN 47501, USA",122100,132240.95999999982,12.52
URN:EMERGENCY:UID:GIS:SSAP:2314:DUBOIS.IN.US,IN,38.2956159999,-86.9492720001,313 NORTH WASHINGTON STREET,HUNTINGBURG,47542,IN,DUBOIS,1,18.645156,16.7409827428571,HUNTINGBURG MUNICIPAL ELECTRIC UTILITY,Municipal,1,1,2022,5,12,393,1079.54545454545,St Mary's Catholic Church & Rectory,"['church', 'place_of_worship', 'point_of_interest', 'establishment']","313 N Washington St, Huntingburg, IN 47542, USA",117900,101822.72727272684,9.64
URN:EMERGENCY:UID:GIS:SSAP:2393:DAVIESS.IN.US,IN,38.6580459998,-87.1763940005,10 W VAN TREES ST,WASHINGTON,47501,IN,DAVIESS,1,21.171835,17.5337844722222,WASHINGTON LIGHT AND POWER,Municipal,1,1,2020,9,5,393,1254.72727272727,"Feel Kneaded Massage by Tonya, LLC","['spa', 'point_of_interest', 'health', 'establishment']","10 W Van Trees St, Washington, IN 47501, USA",117900,118345.87636363611,11.2
URN:EMERGENCY:UID:GIS:SSAP:1274:DUBOIS.IN.US,IN,38.3105609996,-86.9567849999,311 EAST SEVENTEENTH STREET,HUNTINGBURG,47542,IN,DUBOIS,1,18.645156,16.6477850588235,HUNTINGBURG MUNICIPAL ELECTRIC UTILITY,Municipal,1,1,2022,5,12,388,1261.72727272727,Kelly Family Dentistry,"['dentist', 'health', 'point_of_interest', 'establishment']","311 E 17th St, Huntingburg, IN 47542, USA",116400,117492.0436363634,11.12
URN:EMERGENCY:UID:GIS:SSAP:652:DUBOIS.IN.US,IN,38.2882129999,-86.9614309999,104 WEST THIRD AVENUE,HUNTINGBURG,47542,IN,DUBOIS,1,18.645156,16.7178267142857,HUNTINGBURG MUNICIPAL ELECTRIC UTILITY,Municipal,1,1,2022,5,12,363,1193.81818181818,New Life United Pentecostal Church,"['church', 'place_of_worship', 'point_of_interest', 'establishment']","104 W 3rd Ave, Huntingburg, IN 47542, USA",108900,104005.43999999984,9.84
URN:EMERGENCY:UID:GIS:SSAP:2396:DAVIESS.IN.US,IN,38.6576099997,-87.1861840001,807 W VAN TREES ST,WASHINGTON,47501,IN,DAVIESS,1,21.171835,17.5337844722222,WASHINGTON LIGHT AND POWER,Municipal,1,1,2020,9,5,362,1261.0909090909,Sonlight Chapel,"['church', 'place_of_worship', 'point_of_interest', 'establishment']","807 W Van Trees St, Washington, IN 47501, USA",108600,109563.57818181739,10.37
URN:EMERGENCY:UID:GIS:SSAP:1466:DUBOIS.IN.US,IN,38.2992220003,-86.9492619996,708 EAST SIXTH STREET,HUNTINGBURG,47542,IN,DUBOIS,1,18.645156,16.7409827428571,HUNTINGBURG MUNICIPAL ELECTRIC UTILITY,Municipal,1,1,2022,5,12,360,1327.45454545454,Carquest Auto Parts - PITSTOP PARTS AND PAINT SUPPLY,"['car_repair', 'store', 'point_of_interest', 'establishment']","708 E 6th St, Huntingburg, IN 47542, USA",108000,114692.07272727227,10.85
URN:EMERGENCY:UID:GIS:SSAP:4145:DAVIESS.IN.US,IN,38.6656229999,-87.1684489999,1002 NE 6TH ST,WASHINGTON,47501,IN,DAVIESS,1,20.305114,17.5003389729729,WASHINGTON LIGHT AND POWER,Municipal,1,1,2020,9,5,355,1084.54545454545,Good Shepherd Lutheran Church,"['church', 'place_of_worship', 'point_of_interest', 'establishment']","1002 NE 6th St, Washington, IN 47501, USA",106500,92403.27272727234,8.75
URN:EMERGENCY:UID:GIS:SSAP:2117:DUBOIS.IN.US,IN,38.296365,-86.9520009997,402 NORTH VAN BUREN STREET,HUNTINGBURG,47542,IN,DUBOIS,1,18.645156,16.7409827428571,HUNTINGBURG MUNICIPAL ELECTRIC UTILITY,Municipal,1,1,2022,5,12,350,1276.45454545454,River of Life Church,"['church', 'place_of_worship', 'point_of_interest', 'establishment']","402 N Van Buren St, Huntingburg, IN 47542, USA",105000,107222.18181818137,10.15
URN:EMERGENCY:UID:GIS:SSAP:19979:GREENE.IN.US,IN,39.0379459997,-87.1651370004,440 1ST ST NE,LINTON,47441,IN,GREENE,1,19.777107,16.806161,LINTON MUNICIPAL UTILITIES,Municipal,1,1,2020,9,20,348,1221.63636363636,Saron United Church of Christ,"['church', 'place_of_worship', 'point_of_interest', 'establishment']","440 1st St NE, Linton, IN 47441, USA",104400,102031.0690909088,9.66
URN:EMERGENCY:UID:GIS:SSAP:14109:GREENE.IN.US,IN,39.0416109997,-87.1715109997,531 W GLENBURN RD,LINTON,47441,IN,GREENE,1,19.777107,16.806161,LINTON MUNICIPAL UTILITIES,Municipal,1,1,2020,9,20,345,1270.0909090909,The health Center at Glenburn Harmony,"['health', 'point_of_interest', 'establishment']","531 Glenburn Rd, Linton, IN 47441, USA",103500,105163.52727272651,9.95
URN:EMERGENCY:UID:GIS:SSAP:4588:DAVIESS.IN.US,IN,38.6553159996,-87.2006730005,2103 COSBY RD,WASHINGTON,47501,IN,DAVIESS,1,21.171835,17.5337844722222,WASHINGTON LIGHT AND POWER,Municipal,1,1,2020,9,5,326,1309.27272727272,Head Start,"['school', 'point_of_interest', 'establishment']","2103 Cosby Rd, Washington, IN 47501, USA",97800,102437.49818181762,9.7
URN:EMERGENCY:UID:GIS:SSAP:2965:DAVIESS.IN.US,IN,38.6585240003,-87.1730839995,110 NE 2ND ST,WASHINGTON,47501,IN,DAVIESS,1,20.305114,17.5337844722222,WASHINGTON LIGHT AND POWER,Municipal,1,1,2020,9,5,321,1227.18181818181,First Christian Church,"['church', 'place_of_worship', 'point_of_interest', 'establishment']","201 E Walnut St, Washington, IN 47501, USA",96300,94542.08727272664,8.95
URN:EMERGENCY:UID:GIS:SSAP:2024:DUBOIS.IN.US,IN,38.2959220003,-86.9575610002,326 NORTH GEIGER STREET,HUNTINGBURG,47542,IN,DUBOIS,1,18.645156,16.7409827428571,HUNTINGBURG MUNICIPAL ELECTRIC UTILITY,Municipal,1,1,2022,5,12,318,1292.36363636363,H&R Block,"['accounting', 'finance', 'point_of_interest', 'establishment']","326 N Geiger St, Huntingburg, IN 47542, USA",95400,98633.19272727224,9.33
URN:EMERGENCY:UID:GIS:SSAP:2055:DUBOIS.IN.US,IN,38.2959039998,-86.9560940005,321 EAST FOURTH STREET,HUNTINGBURG,47542,IN,DUBOIS,1,18.645156,16.7409827428571,HUNTINGBURG MUNICIPAL ELECTRIC UTILITY,Municipal,1,1,2022,5,12,311,1356.54545454545,Old National Bank,"['bank', 'atm', 'finance', 'point_of_interest', 'establishment']","321 E 4th St, Huntingburg, IN 47542, USA",93300,101252.55272727238,9.58
URN:EMERGENCY:UID:GIS:SSAP:16310:GREENE.IN.US,IN,39.0314799996,-87.1665710005,190 S MAIN ST,LINTON,47441,IN,GREENE,1,19.777107,16.806161,LINTON MUNICIPAL UTILITIES,Municipal,1,1,2020,9,20,304,1235.63636363636,Lamar Imaging,"['store', 'point_of_interest', 'establishment']","190 S Main St, Linton, IN 47441, USA",91200,90152.02909090884,8.53
URN:EMERGENCY:UID:GIS:SSAP:2190:DUBOIS.IN.US,IN,38.2945949998,-86.9541279996,406 EAST THIRD STREET,HUNTINGBURG,47542,IN,DUBOIS,1,18.645156,16.7409827428571,HUNTINGBURG MUNICIPAL ELECTRIC UTILITY,Municipal,1,1,2022,5,12,300,1245.72727272727,Faith Community Church of the Nazarene,"['church', 'place_of_worship', 'point_of_interest', 'establishment']","406 E 3rd St, Huntingburg, IN 47542, USA",90000,89692.36363636344,8.49
URN:EMERGENCY:UID:GIS:SSAP:1611:PARKE.IN.US,IN,39.7916100003,-87.3705690004,784 NORTH JEFFERSON STREET,MONTEZUMA,47862,IN,PARKE,1,18.75224,16.7813196382978,MONTEZUMA MUNICIPAL UTILITIES,Municipal,1,0,2022,6,19,293,1236.45454545454,"Independent Baptist Church - Montezuma, IN","['church', 'place_of_worship', 'point_of_interest', 'establishment']","784 N Jefferson St, Montezuma, IN 47862, USA",87900,86947.48363636326,8.23
URN:EMERGENCY:UID:GIS:SSAP:2246:DAVIESS.IN.US,IN,38.6568319996,-87.1714079997,319 E MAIN ST,WASHINGTON,47501,IN,DAVIESS,1,20.305114,17.5337844722222,WASHINGTON LIGHT AND POWER,Municipal,1,1,2020,9,5,271,1360.45454545454,Budget Inn Washington,"['lodging', 'point_of_interest', 'establishment']","319 E Main St, Washington, IN 47501, USA",81300,88483.96363636329,8.37
URN:EMERGENCY:UID:GIS:SSAP:2161:DUBOIS.IN.US,IN,38.2958219999,-86.9520399996,521 EAST FOURTH STREET,HUNTINGBURG,47542,IN,DUBOIS,1,18.645156,16.7409827428571,HUNTINGBURG MUNICIPAL ELECTRIC UTILITY,Municipal,1,1,2022,5,12,268,1294.0909090909,River of Life Church,"['church', 'place_of_worship', 'point_of_interest', 'establishment']","521 E 4th St, Huntingburg, IN 47542, USA",80400,83235.9272727267,7.88
URN:EMERGENCY:UID:GIS:SSAP:100:DUBOIS.IN.US,IN,38.3104489998,-86.9603849995,1601 NORTH CHESTNUT STREET,HUNTINGBURG,47542,IN,DUBOIS,1,18.645156,16.6084332285714,HUNTINGBURG MUNICIPAL ELECTRIC UTILITY,Municipal,1,1,2022,5,12,244,1226.36363636363,Huntingburg Church of Christ,"['church', 'place_of_worship', 'point_of_interest', 'establishment']","1601 N Chestnut St, Huntingburg, IN 47542, USA",73200,71815.85454545417,6.8
URN:EMERGENCY:UID:GIS:SSAP:2510:DUBOIS.IN.US,IN,38.2950120004,-86.9540060003,304 NORTH JACKSON STREET,HUNTINGBURG,47542,IN,DUBOIS,1,18.645156,16.7409827428571,HUNTINGBURG MUNICIPAL ELECTRIC UTILITY,Municipal,1,1,2022,5,12,235,1297.0909090909,Faith Community Church of the Nazarene,"['church', 'place_of_worship', 'point_of_interest', 'establishment']","304 N Jackson St, Huntingburg, IN 47542, USA",70500,73155.92727272677,6.92
URN:EMERGENCY:UID:GIS:SSAP:4714:DAVIESS.IN.US,IN,38.6584690003,-87.193296,1419 W WALNUT ST,WASHINGTON,47501,IN,DAVIESS,1,21.171835,17.5337844722222,WASHINGTON LIGHT AND POWER,Municipal,1,1,2020,9,5,221,1260.72727272727,Washington,"['locality', 'political']","1419 W Walnut St, Washington, IN 47501, USA",66300,66868.9745454544,6.33
URN:EMERGENCY:UID:GIS:SSAP:1068:DUBOIS.IN.US,IN,38.3087779997,-86.9530769999,507 PLEASANT VIEW DRIVE,HUNTINGBURG,47542,IN,DUBOIS,1,18.645156,16.6477850588235,HUNTINGBURG MUNICIPAL ELECTRIC UTILITY,Municipal,1,1,2022,5,12,221,1252.90909090909,Huntingburg,"['locality', 'political']","507 Pleasant View Dr, Huntingburg, IN 47542, USA",66300,66454.29818181814,6.29
URN:EMERGENCY:UID:GIS:SSAP:1058:DUBOIS.IN.US,IN,38.3092779998,-86.9531189997,502 PLEASANT VIEW DRIVE,HUNTINGBURG,47542,IN,DUBOIS,1,18.645156,16.6477850588235,HUNTINGBURG MUNICIPAL ELECTRIC UTILITY,Municipal,1,1,2022,5,12,214,1234.81818181818,Huntingburg,"['locality', 'political']","502 Pleasant View Dr, Huntingburg, IN 47542, USA",64200,63420.26181818172,6.0
URN:EMERGENCY:UID:GIS:SSAP:15849:GREENE.IN.US,IN,39.0377130004,-87.1674219998,460 1ST ST NW,LINTON,47441,IN,GREENE,1,19.777107,16.806161,LINTON MUNICIPAL UTILITIES,Municipal,1,1,2020,9,20,208,1213.90909090909,Youssef Rezk,"['doctor', 'point_of_interest', 'health', 'establishment']","460 1st St NW, Linton, IN 47441, USA",62400,60598.341818181776,5.74
URN:EMERGENCY:UID:GIS:SSAP:16285:GREENE.IN.US,IN,39.0376969999,-87.1677250003,120 D ST NW,LINTON,47441,IN,GREENE,1,19.777107,16.806161,LINTON MUNICIPAL UTILITIES,Municipal,1,1,2020,9,20,208,1213.90909090909,Linton Family Dentistry,"['dentist', 'health', 'point_of_interest', 'establishment']","120 NW D St, Linton, IN 47441, USA",62400,60598.341818181776,5.74
URN:EMERGENCY:UID:GIS:SSAP:1607:PARKE.IN.US,IN,39.7905790003,-87.3704659997,686 NORTH JEFFERSON STREET,MONTEZUMA,47862,IN,PARKE,1,18.75224,16.7813196382978,MONTEZUMA MUNICIPAL UTILITIES,Municipal,1,0,2022,6,19,206,1117.81818181818,"Independent Baptist Church - Montezuma, IN","['church', 'place_of_worship', 'point_of_interest', 'establishment']","686 N Jefferson St, Rockville, IN 47872, USA",61800,55264.93090909082,5.23
URN:EMERGENCY:UID:GIS:SSAP:2939:DAVIESS.IN.US,IN,38.6602440002,-87.1724809999,315 NE 3RD ST,WASHINGTON,47501,IN,DAVIESS,1,20.305114,17.5337844722222,WASHINGTON LIGHT AND POWER,Municipal,1,1,2020,9,5,204,1149.81818181818,County Recorder,"['local_government_office', 'point_of_interest', 'establishment']","315 NE 3rd St, Washington, IN 47501, USA",61200,56295.09818181809,5.33
URN:EMERGENCY:UID:GIS:SSAP:1590:DUBOIS.IN.US,IN,38.2962199999,-86.9485300004,0 EAST FOURTH STREET,HUNTINGBURG,47542,IN,DUBOIS,1,18.645156,16.7409827428571,HUNTINGBURG MUNICIPAL ELECTRIC UTILITY,Municipal,1,1,2022,5,12,204,1275.0,Guadalupe Center,"['church', 'place_of_worship', 'point_of_interest', 'establishment']","714 E 4th St, Huntingburg, IN 47542, USA",61200,62424.0,5.91
URN:EMERGENCY:UID:GIS:SSAP:1627:DUBOIS.IN.US,IN,38.2962430001,-86.9488070001,714 EAST FOURTH STREET,HUNTINGBURG,47542,IN,DUBOIS,1,18.645156,16.7409827428571,HUNTINGBURG MUNICIPAL ELECTRIC UTILITY,Municipal,1,1,2022,5,12,204,1275.0,Guadalupe Center,"['church', 'place_of_worship', 'point_of_interest', 'establishment']","714 E 4th St, Huntingburg, IN 47542, USA",61200,62424.0,5.91
URN:EMERGENCY:UID:GIS:SSAP:1610:PARKE.IN.US,IN,39.7913909999,-87.3705029999,760 NORTH JEFFERSON STREET,MONTEZUMA,47862,IN,PARKE,1,18.75224,16.7813196382978,MONTEZUMA MUNICIPAL UTILITIES,Municipal,1,0,2022,6,19,203,1228.0909090909,"Independent Baptist Church - Montezuma, IN","['church', 'place_of_worship', 'point_of_interest', 'establishment']","760 N Jefferson St, Montezuma, IN 47862, USA",60900,59832.589090908645,5.66
URN:EMERGENCY:UID:GIS:SSAP:4742:DAVIESS.IN.US,IN,38.6593610001,-87.1899080005,1115 MC CORMICK AV,WASHINGTON,47501,IN,DAVIESS,1,21.171835,17.5337844722222,WASHINGTON LIGHT AND POWER,Municipal,1,1,2020,9,5,202,1221.72727272727,Asambleas de Dios,"['church', 'place_of_worship', 'point_of_interest', 'establishment']","1113 McCormick Ave, Washington, IN 47501, USA",60600,59229.33818181806,5.61
URN:EMERGENCY:UID:GIS:SSAP:2546:DAVIESS.IN.US,IN,38.6587940002,-87.1851260004,714 W WALNUT ST,WASHINGTON,47501,IN,DAVIESS,1,21.171835,17.5337844722222,WASHINGTON LIGHT AND POWER,Municipal,1,1,2020,9,5,195,1351.90909090909,First Choice Solutions,"['health', 'point_of_interest', 'establishment']","714 W Walnut St, Washington, IN 47501, USA",58500,63269.345454545415,5.99
URN:EMERGENCY:UID:GIS:SSAP:1862:PARKE.IN.US,IN,39.791195,-87.3653619998,614 EAST STANLEY DRIVE,MONTEZUMA,47862,IN,PARKE,1,18.75224,16.7813196382978,MONTEZUMA MUNICIPAL UTILITIES,Municipal,1,0,2022,6,19,181,1254.63636363636,Stanley drive apartments,"['lodging', 'point_of_interest', 'establishment']","614 Stanley Dr, Montezuma, IN 47862, USA",54300,54501.40363636348,5.16
URN:EMERGENCY:UID:GIS:SSAP:1861:PARKE.IN.US,IN,39.7911890003,-87.3654909995,612 EAST STANLEY DRIVE,MONTEZUMA,47862,IN,PARKE,1,18.75224,16.7813196382978,MONTEZUMA MUNICIPAL UTILITIES,Municipal,1,0,2022,6,19,181,1254.63636363636,Stanley drive apartments,"['lodging', 'point_of_interest', 'establishment']","612 Stanley Dr, Montezuma, IN 47862, USA",54300,54501.40363636348,5.16
URN:EMERGENCY:UID:GIS:SSAP:1855:PARKE.IN.US,IN,39.7911919997,-87.3656,610 EAST STANLEY DRIVE,MONTEZUMA,47862,IN,PARKE,1,18.75224,16.7813196382978,MONTEZUMA MUNICIPAL UTILITIES,Municipal,1,0,2022,6,19,181,1254.63636363636,Stanley drive apartments,"['lodging', 'point_of_interest', 'establishment']","610 Stanley Dr, Montezuma, IN 47862, USA",54300,54501.40363636348,5.16
URN:EMERGENCY:UID:GIS:SSAP:1860:PARKE.IN.US,IN,39.7911949997,-87.3658280003,608 EAST STANLEY DRIVE,MONTEZUMA,47862,IN,PARKE,1,18.75224,16.7813196382978,MONTEZUMA MUNICIPAL UTILITIES,Municipal,1,0,2022,6,19,180,1237.72727272727,Stanley drive apartments,"['lodging', 'point_of_interest', 'establishment']","608 Stanley Dr, Montezuma, IN 47862, USA",54000,53469.81818181806,5.06
URN:EMERGENCY:UID:GIS:SSAP:1859:PARKE.IN.US,IN,39.7911949997,-87.3659660005,606 EAST STANLEY DRIVE,MONTEZUMA,47862,IN,PARKE,1,18.75224,16.7813196382978,MONTEZUMA MUNICIPAL UTILITIES,Municipal,1,0,2022,6,19,180,1237.72727272727,Stanley drive apartments,"['lodging', 'point_of_interest', 'establishment']","606 Stanley Dr, Montezuma, IN 47862, USA",54000,53469.81818181806,5.06
URN:EMERGENCY:UID:GIS:SSAP:1858:PARKE.IN.US,IN,39.7912000003,-87.3660859998,604 EAST STANLEY DRIVE,MONTEZUMA,47862,IN,PARKE,1,18.75224,16.7813196382978,MONTEZUMA MUNICIPAL UTILITIES,Municipal,1,0,2022,6,19,180,1237.72727272727,Stanley drive apartments,"['lodging', 'point_of_interest', 'establishment']","604 Stanley Dr, Mecca, IN 47860, USA",54000,53469.81818181806,5.06
URN:EMERGENCY:UID:GIS:SSAP:2203:DUBOIS.IN.US,IN,38.2936730001,-86.9551039998,211 NORTH MAIN STREET,HUNTINGBURG,47542,IN,DUBOIS,1,18.645156,16.7409827428571,HUNTINGBURG MUNICIPAL ELECTRIC UTILITY,Municipal,1,1,2022,5,12,177,1231.72727272727,Calvary Temple,"['church', 'place_of_worship', 'point_of_interest', 'establishment']","211 N Main St, Huntingburg, IN 47542, USA",53100,52323.774545454435,4.95
URN:EMERGENCY:UID:GIS:SSAP:5846:DAVIESS.IN.US,IN,38.6565359996,-87.1802650005,409 W MAIN ST,WASHINGTON,47501,IN,DAVIESS,1,21.171835,17.5337844722222,WASHINGTON LIGHT AND POWER,Municipal,1,1,2020,9,5,175,1247.18181818181,Iglesia Nueva Vida,"['church', 'place_of_worship', 'point_of_interest', 'establishment']","411 W Main St, Washington, IN 47501, USA",52500,52381.636363636026,4.96
URN:EMERGENCY:UID:GIS:SSAP:5338:DAVIESS.IN.US,IN,38.6567149997,-87.1797750004,407 W MAIN ST,WASHINGTON,47501,IN,DAVIESS,1,21.171835,17.5337844722222,WASHINGTON LIGHT AND POWER,Municipal,1,1,2020,9,5,175,1247.18181818181,Washington Carnegie Public Library,"['library', 'point_of_interest', 'establishment']","407 W Main St, Washington, IN 47501, USA",52500,52381.636363636026,4.96
URN:EMERGENCY:UID:GIS:SSAP:14733:GREENE.IN.US,IN,39.0423189996,-87.1740500001,950 7TH ST NW,LINTON,47441,IN,GREENE,1,19.777107,16.806161,LINTON MUNICIPAL UTILITIES,Municipal,1,1,2020,9,20,174,1235.45454545454,Thomas Martin,"['doctor', 'health', 'point_of_interest', 'establishment']","950 7th St NW, Linton, IN 47441, USA",52200,51592.5818181816,4.88
URN:EMERGENCY:UID:GIS:SSAP:14732:GREENE.IN.US,IN,39.042451,-87.1740630002,962 7TH ST NW,LINTON,47441,IN,GREENE,1,19.777107,16.806161,LINTON MUNICIPAL UTILITIES,Municipal,1,1,2020,9,20,174,1235.45454545454,Thomas Martin,"['doctor', 'health', 'point_of_interest', 'establishment']","962 7th St NW, Linton, IN 47441, USA",52200,51592.5818181816,4.88
URN:EMERGENCY:UID:GIS:SSAP:1854:PARKE.IN.US,IN,39.791511,-87.3660939998,601 EAST STANLEY DRIVE,MONTEZUMA,47862,IN,PARKE,1,18.75224,16.7813196382978,MONTEZUMA MUNICIPAL UTILITIES,Municipal,1,0,2022,6,19,173,1254.72727272727,Stanley drive apartments,"['lodging', 'point_of_interest', 'establishment']","603 Stanley Dr, Montezuma, IN 47862, USA",51900,52096.27636363625,4.93
URN:EMERGENCY:UID:GIS:SSAP:1856:PARKE.IN.US,IN,39.7915039996,-87.3659689998,603 EAST STANLEY DRIVE,MONTEZUMA,47862,IN,PARKE,1,18.75224,16.7813196382978,MONTEZUMA MUNICIPAL UTILITIES,Municipal,1,0,2022,6,19,173,1254.72727272727,Stanley drive apartments,"['lodging', 'point_of_interest', 'establishment']","605 Stanley Dr, Montezuma, IN 47862, USA",51900,52096.27636363625,4.93
URN:EMERGENCY:UID:GIS:SSAP:1857:PARKE.IN.US,IN,39.7915010001,-87.3658330002,605 EAST STANLEY DRIVE,MONTEZUMA,47862,IN,PARKE,1,18.75224,16.7813196382978,MONTEZUMA MUNICIPAL UTILITIES,Municipal,1,0,2022,6,19,173,1254.72727272727,Stanley drive apartments,"['lodging', 'point_of_interest', 'establishment']","601 Stanley Dr, Montezuma, IN 47862, USA",51900,52096.27636363625,4.93
URN:EMERGENCY:UID:GIS:SSAP:14705:GREENE.IN.US,IN,39.0414969996,-87.1734150005,689 W GLENBURN RD,LINTON,47441,IN,GREENE,1,19.777107,16.806161,LINTON MUNICIPAL UTILITIES,Municipal,1,1,2020,9,20,172,1289.18181818181,Thomas Martin,"['doctor', 'health', 'point_of_interest', 'establishment']","689 Glenburn Rd, Linton, IN 47441, USA",51600,53217.425454545126,5.04
URN:EMERGENCY:UID:GIS:SSAP:14704:GREENE.IN.US,IN,39.0415019996,-87.1735770002,697 W GLENBURN RD,LINTON,47441,IN,GREENE,1,19.777107,16.806161,LINTON MUNICIPAL UTILITIES,Municipal,1,1,2020,9,20,172,1289.18181818181,Thomas Martin,"['doctor', 'health', 'point_of_interest', 'establishment']","689-697 Glenburn Rd, Linton, IN 47441, USA",51600,53217.425454545126,5.04
URN:EMERGENCY:UID:GIS:SSAP:14566:GREENE.IN.US,IN,39.0411189998,-87.1725210003,804 N GRANT,LINTON,47441,IN,GREENE,1,19.777107,16.806161,LINTON MUNICIPAL UTILITIES,Municipal,1,1,2020,9,20,170,1212.54545454545,The health Center at Glenburn Harmony,"['health', 'point_of_interest', 'establishment']","804 Grant, Linton, IN 47441, USA",51000,49471.854545454364,4.68
URN:EMERGENCY:UID:GIS:SSAP:14718:GREENE.IN.US,IN,39.0420529999,-87.1747689998,800 W GLENBURN RD,LINTON,47441,IN,GREENE,1,19.777107,16.806161,LINTON MUNICIPAL UTILITIES,Municipal,1,1,2020,9,20,170,1271.0909090909,Linton,"['locality', 'political']","220 Soo Line Railroad, Linton, IN 47441, USA",51000,51860.509090908716,4.91
URN:EMERGENCY:UID:GIS:SSAP:14719:GREENE.IN.US,IN,39.0420690002,-87.1749650006,806 W GLENBURN RD,LINTON,47441,IN,GREENE,1,19.777107,16.806161,LINTON MUNICIPAL UTILITIES,Municipal,1,1,2020,9,20,170,1271.0909090909,Linton,"['locality', 'political']","221 Soo Line Railroad, Linton, IN 47441, USA",51000,51860.509090908716,4.91
URN:EMERGENCY:UID:GIS:SSAP:14565:GREENE.IN.US,IN,39.0409809996,-87.1725139997,796 N GRANT,LINTON,47441,IN,GREENE,1,19.777107,16.806161,LINTON MUNICIPAL UTILITIES,Municipal,1,1,2020,9,20,170,1212.54545454545,The health Center at Glenburn Harmony,"['health', 'point_of_interest', 'establishment']","796 6th St NW, Linton, IN 47441, USA",51000,49471.854545454364,4.68
URN:EMERGENCY:UID:GIS:SSAP:14713:GREENE.IN.US,IN,39.0420860003,-87.1743980005,768 W GLENBURN RD,LINTON,47441,IN,GREENE,1,19.777107,16.806161,LINTON MUNICIPAL UTILITIES,Municipal,1,1,2020,9,20,168,1239.54545454545,Linton,"['locality', 'political']","768 Glenburn Rd, Linton, IN 47441, USA",50400,49978.47272727254,4.73
URN:EMERGENCY:UID:GIS:SSAP:14714:GREENE.IN.US,IN,39.0420909998,-87.1745449994,778 W GLENBURN RD,LINTON,47441,IN,GREENE,1,19.777107,16.806161,LINTON MUNICIPAL UTILITIES,Municipal,1,1,2020,9,20,168,1239.54545454545,Linton,"['locality', 'political']","778 Glenburn Rd, Linton, IN 47441, USA",50400,49978.47272727254,4.73
URN:EMERGENCY:UID:GIS:SSAP:776:DUBOIS.IN.US,IN,38.2946389998,-86.9580889996,208 EAST THIRD STREET,HUNTINGBURG,47542,IN,DUBOIS,1,18.645156,16.7409827428571,HUNTINGBURG MUNICIPAL ELECTRIC UTILITY,Municipal,1,1,2022,5,12,167,1334.36363636363,Huntingburg,"['locality', 'political']","208 E 3rd St, Huntingburg, IN 47542, USA",50100,53481.29454545429,5.06
URN:EMERGENCY:UID:GIS:SSAP:14698:GREENE.IN.US,IN,39.0409869996,-87.1740169995,736 H ST NW,LINTON,47441,IN,GREENE,1,19.777107,16.806161,LINTON MUNICIPAL UTILITIES,Municipal,1,1,2020,9,20,166,1233.72727272727,Linton,"['locality', 'political']","736 NW H St, Linton, IN 47441, USA",49800,49151.69454545443,4.65
URN:EMERGENCY:UID:GIS:SSAP:14695:GREENE.IN.US,IN,39.0409560003,-87.174193,746 H ST NW,LINTON,47441,IN,GREENE,1,19.777107,16.806161,LINTON MUNICIPAL UTILITIES,Municipal,1,1,2020,9,20,166,1233.72727272727,Linton,"['locality', 'political']","746 NW H St, Linton, IN 47441, USA",49800,49151.69454545443,4.65
URN:EMERGENCY:UID:GIS:SSAP:14711:GREENE.IN.US,IN,39.0420369996,-87.1740330002,736 W GLENBURN RD,LINTON,47441,IN,GREENE,1,19.777107,16.806161,LINTON MUNICIPAL UTILITIES,Municipal,1,1,2020,9,20,159,1249.90909090909,Thomas Martin,"['doctor', 'health', 'point_of_interest', 'establishment']","736 Glenburn Rd, Linton, IN 47441, USA",47700,47696.530909090885,4.51
URN:EMERGENCY:UID:GIS:SSAP:14712:GREENE.IN.US,IN,39.0420699996,-87.1741660004,746 W GLENBURN RD,LINTON,47441,IN,GREENE,1,19.777107,16.806161,LINTON MUNICIPAL UTILITIES,Municipal,1,1,2020,9,20,159,1249.90909090909,Thomas Martin,"['doctor', 'health', 'point_of_interest', 'establishment']","746 Glenburn Rd, Linton, IN 47441, USA",47700,47696.530909090885,4.51
URN:EMERGENCY:UID:GIS:SSAP:1933:PARKE.IN.US,IN,39.791894,-87.373665,831 NORTH WATER STREET,MONTEZUMA,47862,IN,PARKE,1,18.75224,16.7813196382978,MONTEZUMA MUNICIPAL UTILITIES,Municipal,1,0,2022,6,19,153,1237.45454545454,panthers pit stop,"['gas_station', 'point_of_interest', 'establishment']","523 Water St, Montezuma, IN 47862, USA",45900,45439.33090909071,4.3
URN:EMERGENCY:UID:GIS:SSAP:2433:DUBOIS.IN.US,IN,38.2954260004,-86.9493679995,313 NORTH WASHINGTON STREET,HUNTINGBURG,47542,IN,DUBOIS,1,18.645156,16.7409827428571,HUNTINGBURG MUNICIPAL ELECTRIC UTILITY,Municipal,1,1,2022,5,12,152,1142.0909090909,St Mary's Catholic Church & Rectory,"['church', 'place_of_worship', 'point_of_interest', 'establishment']","319 N Washington St, Huntingburg, IN 47542, USA",45600,41663.47636363603,3.94
URN:EMERGENCY:UID:GIS:SSAP:2013:PARKE.IN.US,IN,39.7948140003,-87.3715720005,1081 NORTH JEFFERSON STREET,MONTEZUMA,47862,IN,PARKE,1,18.75224,16.6936076521739,MONTEZUMA MUNICIPAL UTILITIES,Municipal,1,0,2022,6,19,152,1158.27272727272,Brown Mack Funeral Home,"['funeral_home', 'point_of_interest', 'establishment']","1081 N Jefferson St, Montezuma, IN 47862, USA",45600,42253.78909090883,4.0
URN:EMERGENCY:UID:GIS:SSAP:2007:PARKE.IN.US,IN,39.7935239999,-87.3713649999,965 NORTH JEFFERSON STREET,MONTEZUMA,47862,IN,PARKE,1,18.75224,16.6936076521739,MONTEZUMA MUNICIPAL UTILITIES,Municipal,1,0,2022,6,19,152,1250.63636363636,Dollar General,"['convenience_store', 'drugstore', 'home_goods_store', 'store', 'point_of_interest', 'health', 'food', 'establishment']","965 N Jefferson St, Montezuma, IN 47862, USA",45600,45623.21454545442,4.32
URN:EMERGENCY:UID:GIS:SSAP:14697:GREENE.IN.US,IN,39.0407200003,-87.1740449999,737 H ST NW,LINTON,47441,IN,GREENE,1,19.777107,16.806161,LINTON MUNICIPAL UTILITIES,Municipal,1,1,2020,9,20,151,1023.54545454545,Linton,"['locality', 'political']","737 NW H St, Linton, IN 47441, USA",45300,37093.28727272711,3.51
URN:EMERGENCY:UID:GIS:SSAP:14696:GREENE.IN.US,IN,39.0407259999,-87.1741640006,747 H ST NW,LINTON,47441,IN,GREENE,1,19.777107,16.806161,LINTON MUNICIPAL UTILITIES,Municipal,1,1,2020,9,20,151,1023.54545454545,Linton,"['locality', 'political']","747 NW H St, Linton, IN 47441, USA",45300,37093.28727272711,3.51
URN:EMERGENCY:UID:GIS:SSAP:14706:GREENE.IN.US,IN,39.0415130004,-87.1732110003,667 W GLENBURN RD,LINTON,47441,IN,GREENE,1,19.777107,16.806161,LINTON MUNICIPAL UTILITIES,Municipal,1,1,2020,9,20,150,1204.81818181818,Thomas Martin,"['doctor', 'health', 'point_of_interest', 'establishment']","667 Glenburn Rd, Linton, IN 47441, USA",45000,43373.45454545448,4.11
URN:EMERGENCY:UID:GIS:SSAP:14707:GREENE.IN.US,IN,39.0414860002,-87.1730560002,659 W GLENBURN RD,LINTON,47441,IN,GREENE,1,19.777107,16.806161,LINTON MUNICIPAL UTILITIES,Municipal,1,1,2020,9,20,150,1204.81818181818,Glenburn Home,"['health', 'point_of_interest', 'establishment']","659 Glenburn Rd, Linton, IN 47441, USA",45000,43373.45454545448,4.11
URN:EMERGENCY:UID:GIS:SSAP:1764:PARKE.IN.US,IN,39.79429,-87.3704109995,251 EAST WILKISON STREET,MONTEZUMA,47862,IN,PARKE,1,18.75224,16.6936076521739,MONTEZUMA MUNICIPAL UTILITIES,Municipal,1,0,2022,6,19,149,1140.27272727272,Brown Mack Funeral Home,"['funeral_home', 'point_of_interest', 'establishment']","314 Wilkison St, Montezuma, IN 47862, USA",44700,40776.15272727247,3.86
URN:EMERGENCY:UID:GIS:SSAP:2598:DAVIESS.IN.US,IN,38.6585670002,-87.1694290001,507 E WALNUT ST,WASHINGTON,47501,IN,DAVIESS,1,20.305114,17.5337844722222,WASHINGTON LIGHT AND POWER,Municipal,1,1,2020,9,5,146,1107.27272727272,St John's Episcopal Church,"['church', 'place_of_worship', 'point_of_interest', 'establishment']","507 E Walnut St, Washington, IN 47501, USA",43800,38798.8363636361,3.67
URN:EMERGENCY:UID:GIS:SSAP:2597:DAVIESS.IN.US,IN,38.6585550002,-87.1692389997,509 E WALNUT ST,WASHINGTON,47501,IN,DAVIESS,1,20.305114,17.5337844722222,WASHINGTON LIGHT AND POWER,Municipal,1,1,2020,9,5,146,1107.27272727272,St John's Episcopal Church,"['church', 'place_of_worship', 'point_of_interest', 'establishment']","509 E Walnut St, Washington, IN 47501, USA",43800,38798.8363636361,3.67
URN:EMERGENCY:UID:GIS:SSAP:2316:DAVIESS.IN.US,IN,38.6570639999,-87.1805439998,410 W MAIN ST,WASHINGTON,47501,IN,DAVIESS,1,21.171835,17.5337844722222,WASHINGTON LIGHT AND POWER,Municipal,1,1,2020,9,5,144,1349.0909090909,B & D Electric Inc,"['electrician', 'point_of_interest', 'establishment']","410 W Main St, Washington, IN 47501, USA",43200,46624.581818181505,4.41
URN:EMERGENCY:UID:GIS:SSAP:1067:DUBOIS.IN.US,IN,38.308894,-86.9525160004,503 PLEASANT VIEW DRIVE,HUNTINGBURG,47542,IN,DUBOIS,1,18.645156,16.6477850588235,HUNTINGBURG MUNICIPAL ELECTRIC UTILITY,Municipal,1,1,2022,5,12,143,1284.18181818181,Huntingburg,"['locality', 'political']","503 Pleasant View Dr, Huntingburg, IN 47542, USA",42900,44073.119999999726,4.17
URN:EMERGENCY:UID:GIS:SSAP:5115:DAVIESS.IN.US,IN,38.6684029999,-87.1673219998,919 N STATE ROAD 57,WASHINGTON,47501,IN,DAVIESS,1,20.305114,17.5003389729729,WASHINGTON LIGHT AND POWER,Municipal,1,1,2020,9,5,138,1074.90909090909,Bethel Church of Washington - North Campus,"['church', 'place_of_worship', 'point_of_interest', 'establishment']","917 N 57, Washington, IN 47501, USA",41400,35600.98909090907,3.37
URN:EMERGENCY:UID:GIS:SSAP:2203:DAVIESS.IN.US,IN,38.6567779999,-87.1727750001,211 E MAIN ST,WASHINGTON,47501,IN,DAVIESS,1,20.305114,17.5337844722222,WASHINGTON LIGHT AND POWER,Municipal,1,1,2020,9,5,138,1367.36363636363,O'Brien Hearing Center,"['doctor', 'health', 'point_of_interest', 'establishment']","211 E Main St, Washington, IN 47501, USA",41400,45287.08363636342,4.29
URN:EMERGENCY:UID:GIS:SSAP:2699:DAVIESS.IN.US,IN,38.6606199996,-87.1718530005,306 E FLORA ST,WASHINGTON,47501,IN,DAVIESS,1,20.305114,17.5337844722222,WASHINGTON LIGHT AND POWER,Municipal,1,1,2020,9,5,135,1126.63636363636,Rescare Homecare,"['health', 'point_of_interest', 'establishment']","306 E Flora St, Washington, IN 47501, USA",40500,36503.018181818064,3.45
URN:EMERGENCY:UID:GIS:SSAP:1864:PARKE.IN.US,IN,39.7914869996,-87.365359,613 EAST STANLEY DRIVE,MONTEZUMA,47862,IN,PARKE,1,18.75224,16.7813196382978,MONTEZUMA MUNICIPAL UTILITIES,Municipal,1,0,2022,6,19,128,1254.63636363636,Stanley drive apartments,"['lodging', 'point_of_interest', 'establishment']","613 Stanley Dr, Montezuma, IN 47862, USA",38400,38542.42909090898,3.65
URN:EMERGENCY:UID:GIS:SSAP:1863:PARKE.IN.US,IN,39.7914990003,-87.3654900005,611 EAST STANLEY DRIVE,MONTEZUMA,47862,IN,PARKE,1,18.75224,16.7813196382978,MONTEZUMA MUNICIPAL UTILITIES,Municipal,1,0,2022,6,19,128,1254.63636363636,Stanley drive apartments,"['lodging', 'point_of_interest', 'establishment']","611 Stanley Dr, Montezuma, IN 47862, USA",38400,38542.42909090898,3.65
URN:EMERGENCY:UID:GIS:SSAP:1591:DUBOIS.IN.US,IN,38.2958189998,-86.9488280006,317 ST MARYS DRIVE WEST,HUNTINGBURG,47542,IN,DUBOIS,1,18.645156,16.7409827428571,HUNTINGBURG MUNICIPAL ELECTRIC UTILITY,Municipal,1,1,2022,5,12,127,1210.27272727272,St Mary's Catholic Church & Rectory,"['church', 'place_of_worship', 'point_of_interest', 'establishment']","317 N Washington St, Huntingburg, IN 47542, USA",38100,36889.112727272506,3.49
URN:EMERGENCY:UID:GIS:SSAP:2015:PARKE.IN.US,IN,39.7952989997,-87.3711100001,1122 NORTH JEFFERSON STREET,MONTEZUMA,47862,IN,PARKE,1,18.75224,16.6936076521739,MONTEZUMA MUNICIPAL UTILITIES,Municipal,1,0,2022,6,19,125,1015.54545454545,Brown Mack Funeral Home,"['funeral_home', 'point_of_interest', 'establishment']","1122 N Jefferson St, Montezuma, IN 47862, USA",37500,30466.3636363635,2.88
URN:EMERGENCY:UID:GIS:SSAP:2297:DAVIESS.IN.US,IN,38.6570599996,-87.1803189996,408 W MAIN ST,WASHINGTON,47501,IN,DAVIESS,1,21.171835,17.5337844722222,WASHINGTON LIGHT AND POWER,Municipal,1,1,2020,9,5,118,1300.72727272727,B & D Electric Inc,"['electrician', 'point_of_interest', 'establishment']","408 W Main St, Washington, IN 47501, USA",35400,36836.59636363629,3.49
URN:EMERGENCY:UID:GIS:SSAP:15903:GREENE.IN.US,IN,39.0420940003,-87.1702869999,359 I ST NW,LINTON,47441,IN,GREENE,1,19.777107,16.806161,LINTON MUNICIPAL UTILITIES,Municipal,1,1,2020,9,20,115,1145.90909090909,Storage Express,"['moving_company', 'storage', 'point_of_interest', 'establishment']","359 1st St NW, Linton, IN 47441, USA",34500,31627.09090909089,2.99
URN:EMERGENCY:UID:GIS:SSAP:16190:GREENE.IN.US,IN,39.0331130003,-87.1691479996,69 3RD ST SW,LINTON,47441,IN,GREENE,1,19.777107,16.806161,LINTON MUNICIPAL UTILITIES,Municipal,1,1,2020,9,20,114,1182.0,Debra Moore,"['health', 'store', 'point_of_interest', 'establishment']","69 3rd St SW, Linton, IN 47441, USA",34200,32339.520000000004,3.06
URN:EMERGENCY:UID:GIS:SSAP:3053:DAVIESS.IN.US,IN,38.6599489997,-87.1742410004,308 NE 1ST ST,WASHINGTON,47501,IN,DAVIESS,1,20.305114,17.5337844722222,WASHINGTON LIGHT AND POWER,Municipal,1,1,2020,9,5,113,1279.36363636363,Washington Catholic Preschool,"['school', 'point_of_interest', 'establishment']","308 NE 1st St, Washington, IN 47501, USA",33900,34696.341818181645,3.28
URN:EMERGENCY:UID:GIS:SSAP:19987:GREENE.IN.US,IN,39.038855,-87.1694920005,530 3RD ST NW,LINTON,47441,IN,GREENE,1,19.777107,16.806161,LINTON MUNICIPAL UTILITIES,Municipal,1,1,2020,9,20,113,1195.0909090909,Linton,"['locality', 'political']","530 3rd St NW, Linton, IN 47441, USA",33900,32410.865454545205,3.07
URN:EMERGENCY:UID:GIS:SSAP:2372:DUBOIS.IN.US,IN,38.2884029999,-86.9576400001,302 SOUTH GEIGER STREET,HUNTINGBURG,47542,IN,DUBOIS,1,18.645156,16.760396,HUNTINGBURG MUNICIPAL ELECTRIC UTILITY,Municipal,1,1,2022,5,12,113,1218.81818181818,Christ Community Fellowship,"['church', 'place_of_worship', 'point_of_interest', 'establishment']","302 S Geiger St, Huntingburg, IN 47542, USA",33900,33054.34909090904,3.13
URN:EMERGENCY:UID:GIS:SSAP:5731:DAVIESS.IN.US,IN,38.6566800002,-87.1732039998,201 E MAIN ST - SUITE 203,WASHINGTON,47501,IN,DAVIESS,1,20.305114,17.5337844722222,WASHINGTON LIGHT AND POWER,Municipal,1,1,2020,9,5,111,1186.54545454545,O'Brien Hearing Center,"['doctor', 'health', 'point_of_interest', 'establishment']","201 E Main St Suite 202, Washington, IN 47501, USA",33300,31609.570909090784,2.99
URN:EMERGENCY:UID:GIS:SSAP:5729:DAVIESS.IN.US,IN,38.6567579999,-87.1732040003,201 E MAIN ST - SUITE 201,WASHINGTON,47501,IN,DAVIESS,1,20.305114,17.5337844722222,WASHINGTON LIGHT AND POWER,Municipal,1,1,2020,9,5,111,1186.54545454545,O'Brien Hearing Center,"['doctor', 'point_of_interest', 'health', 'establishment']","201 E Main St, Washington, IN 47501, USA",33300,31609.570909090784,2.99
URN:EMERGENCY:UID:GIS:SSAP:2206:DAVIESS.IN.US,IN,38.6567970003,-87.1732059998,201 E MAIN ST,WASHINGTON,47501,IN,DAVIESS,1,20.305114,17.5337844722222,WASHINGTON LIGHT AND POWER,Municipal,1,1,2020,9,5,111,1186.54545454545,O'Brien Hearing Center,"['doctor', 'point_of_interest', 'health', 'establishment']","201 E Main St, Washington, IN 47501, USA",33300,31609.570909090784,2.99
URN:EMERGENCY:UID:GIS:SSAP:4726:DAVIESS.IN.US,IN,38.6587030001,-87.1954279998,1610 W WALNUT ST,WASHINGTON,47501,IN,DAVIESS,1,21.171835,17.5337844722222,WASHINGTON LIGHT AND POWER,Municipal,1,1,2020,9,5,111,1271.54545454545,Washington,"['locality', 'political']","1610 W Walnut St, Washington, IN 47501, USA",33300,33873.970909090785,3.21
URN:EMERGENCY:UID:GIS:SSAP:4728:DAVIESS.IN.US,IN,38.6587069998,-87.1956640005,1614 W WALNUT ST,WASHINGTON,47501,IN,DAVIESS,1,21.171835,17.5337844722222,WASHINGTON LIGHT AND POWER,Municipal,1,1,2020,9,5,111,1271.54545454545,Washington,"['locality', 'political']","1614 W Walnut St, Washington, IN 47501, USA",33300,33873.970909090785,3.21
URN:EMERGENCY:UID:GIS:SSAP:5730:DAVIESS.IN.US,IN,38.6567180001,-87.1732080001,201 E MAIN ST - SUITE 202,WASHINGTON,47501,IN,DAVIESS,1,20.305114,17.5337844722222,WASHINGTON LIGHT AND POWER,Municipal,1,1,2020,9,5,111,1186.54545454545,O'Brien Hearing Center,"['doctor', 'point_of_interest', 'health', 'establishment']","201 E Main St Suite 202, Washington, IN 47501, USA",33300,31609.570909090784,2.99
URN:EMERGENCY:UID:GIS:SSAP:5902:DAVIESS.IN.US,IN,38.6610499998,-87.1852420003,706 LINCOLN ST,WASHINGTON,47501,IN,DAVIESS,1,21.171835,17.5337844722222,WASHINGTON LIGHT AND POWER,Municipal,1,1,2020,9,5,110,1242.0,Washington,"['locality', 'political']","712 Lincoln St, Washington, IN 47501, USA",33000,32788.8,3.1
URN:EMERGENCY:UID:GIS:SSAP:5076:DAVIESS.IN.US,IN,38.6573850004,-87.1923139995,1311 W VAN TREES ST,WASHINGTON,47501,IN,DAVIESS,1,21.171835,17.5337844722222,WASHINGTON LIGHT AND POWER,Municipal,1,1,2016,3,29,109,1386.81818181818,Washington,"['locality', 'political']","1402 W Van Trees St, Washington, IN 47501, USA",32700,36279.16363636359,3.43
URN:EMERGENCY:UID:GIS:SSAP:14458:GREENE.IN.US,IN,39.0409109996,-87.1713220003,776 5TH ST NW,LINTON,47441,IN,GREENE,1,19.777107,16.806161,LINTON MUNICIPAL UTILITIES,Municipal,1,1,2020,9,20,108,1129.0,The health Center at Glenburn Harmony,"['health', 'point_of_interest', 'establishment']","3 Soo Line Railroad, Linton, IN 47441, USA",32400,29263.68,2.77
URN:EMERGENCY:UID:GIS:SSAP:3222:DAVIESS.IN.US,IN,38.6520659998,-87.1754429999,516 S MERIDIAN ST,WASHINGTON,47501,IN,DAVIESS,1,20.305114,17.5337844722222,WASHINGTON LIGHT AND POWER,Municipal,1,1,2020,9,5,105,1265.54545454545,Donaldson Insurance,"['insurance_agency', 'point_of_interest', 'establishment']","516 S Meridian St, Washington, IN 47501, USA",31500,31891.745454545337,3.02
URN:EMERGENCY:UID:GIS:SSAP:3705:DAVIESS.IN.US,IN,38.6604960004,-87.1835709994,228 OGDON ST,WASHINGTON,47501,IN,DAVIESS,1,21.171835,17.5337844722222,WASHINGTON LIGHT AND POWER,Municipal,1,1,2020,9,5,105,1217.81818181818,Washington,"['locality', 'political']","228 Ogdon St, Washington, IN 47501, USA",31500,30689.018181818137,2.9
URN:EMERGENCY:UID:GIS:SSAP:2342:DAVIESS.IN.US,IN,38.6570019999,-87.1854179995,800 W MAIN ST,WASHINGTON,47501,IN,DAVIESS,1,21.171835,17.5337844722222,WASHINGTON LIGHT AND POWER,Municipal,1,1,2020,9,5,104,1196.90909090909,West End Chapel,"['church', 'place_of_worship', 'point_of_interest', 'establishment']","800 W Main St, Washington, IN 47501, USA",31200,29874.85090909089,2.83
URN:EMERGENCY:UID:GIS:SSAP:5653:DAVIESS.IN.US,IN,38.6604470003,-87.2094109998,2350 OAKGROVE RD,WASHINGTON,47501,IN,DAVIESS,1,21.171835,17.5337844722222,WASHINGTON LIGHT AND POWER,Municipal,1,1,2020,9,5,99,1209.36363636363,Washington,"['locality', 'political']","2350 Oakgrove Rd, Washington, IN 47501, USA",29700,28734.47999999985,2.72
URN:EMERGENCY:UID:GIS:SSAP:2260:DAVIESS.IN.US,IN,38.6567899999,-87.1670289997,709 E MAIN ST,WASHINGTON,47501,IN,DAVIESS,1,20.305114,17.5337844722222,WASHINGTON LIGHT AND POWER,Municipal,1,1,2020,9,5,96,1186.54545454545,Hudson Office Solutions,"['point_of_interest', 'store', 'establishment']","709 E Main St, Washington, IN 47501, USA",28800,27338.007272727173,2.59
URN:EMERGENCY:UID:GIS:SSAP:14709:GREENE.IN.US,IN,39.0415079998,-87.1725849996,623 W GLENBURN RD,LINTON,47441,IN,GREENE,1,19.777107,16.806161,LINTON MUNICIPAL UTILITIES,Municipal,1,1,2020,9,20,95,1085.0909090909,Glenburn Home,"['health', 'point_of_interest', 'establishment']","623 Glenburn Rd, Linton, IN 47441, USA",28500,24740.07272727252,2.34
URN:EMERGENCY:UID:GIS:SSAP:14708:GREENE.IN.US,IN,39.0415030002,-87.1727609995,631 W GLENBURN RD,LINTON,47441,IN,GREENE,1,19.777107,16.806161,LINTON MUNICIPAL UTILITIES,Municipal,1,1,2020,9,20,95,1085.0909090909,Glenburn Home,"['health', 'point_of_interest', 'establishment']","631 Glenburn Rd, Linton, IN 47441, USA",28500,24740.07272727252,2.34
URN:EMERGENCY:UID:GIS:SSAP:19780:GREENE.IN.US,IN,39.0334699998,-87.1809710002,1225 W VINCENNES ST,LINTON,47441,IN,GREENE,1,19.777107,16.806161,LINTON MUNICIPAL UTILITIES,Municipal,1,1,2020,9,20,94,1100.36363636363,Linton 12th street church of God,"['church', 'place_of_worship', 'point_of_interest', 'establishment']","1225 W Vincennes St, Linton, IN 47441, USA",28200,24824.20363636349,2.35
URN:EMERGENCY:UID:GIS:SSAP:14982:GREENE.IN.US,IN,39.0337669998,-87.1808320002,1216 W VINCENNES ST,LINTON,47441,IN,GREENE,1,19.777107,16.806161,LINTON MUNICIPAL UTILITIES,Municipal,1,1,2020,9,20,93,1199.0,Linton 12th street church of God,"['church', 'place_of_worship', 'point_of_interest', 'establishment']","1216 W Vincennes St, Linton, IN 47441, USA",27900,26761.68,2.53
URN:EMERGENCY:UID:GIS:SSAP:2315:DAVIESS.IN.US,IN,38.6570349997,-87.1799310004,404 W MAIN ST,WASHINGTON,47501,IN,DAVIESS,1,21.171835,17.5337844722222,WASHINGTON LIGHT AND POWER,Municipal,1,1,2020,9,5,92,1273.36363636363,Washington Carnegie Public Library,"['library', 'point_of_interest', 'establishment']","404 W Main St, Washington, IN 47501, USA",27600,28115.869090908953,2.66
URN:EMERGENCY:UID:GIS:SSAP:4717:DAVIESS.IN.US,IN,38.6584399997,-87.1939610002,1507 W WALNUT ST,WASHINGTON,47501,IN,DAVIESS,1,21.171835,17.5337844722222,WASHINGTON LIGHT AND POWER,Municipal,1,1,2020,9,5,92,1167.81818181818,Washington,"['locality', 'political']","1507 W Walnut St, Washington, IN 47501, USA",27600,25785.425454545417,2.44
URN:EMERGENCY:UID:GIS:SSAP:5149:DAVIESS.IN.US,IN,38.6597629999,-87.2051370001,2212 OAK GROVE RD,WASHINGTON,47501,IN,DAVIESS,1,21.171835,17.5337844722222,WASHINGTON LIGHT AND POWER,Municipal,1,1,2020,9,5,88,1138.54545454545,Washington,"['locality', 'political']","2212 Oakgrove Rd, Washington, IN 47501, USA",26400,24046.079999999904,2.28
URN:EMERGENCY:UID:GIS:SSAP:16259:GREENE.IN.US,IN,39.0434500005,-87.1713520005,1040 5TH ST NW,LINTON,47441,IN,GREENE,1,19.777107,16.806161,LINTON MUNICIPAL UTILITIES,Municipal,1,1,2020,9,20,85,1204.72727272727,Linton,"['locality', 'political']","1040 5th St NW, Linton, IN 47441, USA",25500,24576.436363636312,2.33
URN:EMERGENCY:UID:GIS:SSAP:2499:DUBOIS.IN.US,IN,38.2952479998,-86.9539909996,306 NORTH JACKSON STREET,HUNTINGBURG,47542,IN,DUBOIS,1,18.645156,16.7409827428571,HUNTINGBURG MUNICIPAL ELECTRIC UTILITY,Municipal,1,1,2022,5,12,84,1192.18181818181,Faith Community Church of the Nazarene,"['church', 'place_of_worship', 'point_of_interest', 'establishment']","314 N Jackson St, Huntingburg, IN 47542, USA",25200,24034.385454545292,2.27
URN:EMERGENCY:UID:GIS:SSAP:15783:GREENE.IN.US,IN,39.037452,-87.1651820005,390 1ST ST NE,LINTON,47441,IN,GREENE,1,19.777107,16.806161,LINTON MUNICIPAL UTILITIES,Municipal,1,1,2020,9,20,84,1151.63636363636,Saron United Church of Christ,"['church', 'place_of_worship', 'point_of_interest', 'establishment']","390 1st St NE, Linton, IN 47441, USA",25200,23216.98909090902,2.2
URN:EMERGENCY:UID:GIS:SSAP:765:DUBOIS.IN.US,IN,38.2963249999,-86.9581580001,208 EAST FOURTH STREET,HUNTINGBURG,47542,IN,DUBOIS,1,18.645156,16.7409827428571,HUNTINGBURG MUNICIPAL ELECTRIC UTILITY,Municipal,1,1,2022,5,12,84,1159.0909090909,Salem United Church of Christ,"['church', 'place_of_worship', 'point_of_interest', 'establishment']","208 E 4th St, Huntingburg, IN 47542, USA",25200,23367.272727272542,2.21
URN:EMERGENCY:UID:GIS:SSAP:3057:DAVIESS.IN.US,IN,38.660609,-87.1742679996,400 NE 1ST ST,WASHINGTON,47501,IN,DAVIESS,1,20.305114,17.5337844722222,WASHINGTON LIGHT AND POWER,Municipal,1,1,2020,9,5,82,1153.45454545454,Washington,"['locality', 'political']","400 NE 1st St, Washington, IN 47501, USA",24600,22699.985454545353,2.15
URN:EMERGENCY:UID:GIS:SSAP:14564:GREENE.IN.US,IN,39.0409789997,-87.1729280004,646 H ST NW,LINTON,47441,IN,GREENE,1,19.777107,16.806161,LINTON MUNICIPAL UTILITIES,Municipal,1,1,2020,9,20,81,1125.90909090909,Linton,"['locality', 'political']","646 NW H St, Linton, IN 47441, USA",24300,21887.672727272715,2.07
URN:EMERGENCY:UID:GIS:SSAP:2265:DAVIESS.IN.US,IN,38.657106,-87.1657490004,814 E MAIN ST,WASHINGTON,47501,IN,DAVIESS,1,20.305114,17.5337844722222,WASHINGTON LIGHT AND POWER,Municipal,1,1,2020,9,5,79,1058.36363636363,St. Vincent de Paul Society,"['point_of_interest', 'store', 'establishment']","814 E Main St, Washington, IN 47501, USA",23700,20066.574545454423,1.9
URN:EMERGENCY:UID:GIS:SSAP:4779:DAVIESS.IN.US,IN,38.6595620003,-87.1954560004,1606 MC CORMICK AV,WASHINGTON,47501,IN,DAVIESS,1,21.171835,17.5337844722222,WASHINGTON LIGHT AND POWER,Municipal,1,1,2020,9,5,76,1066.72727272727,Washington,"['locality', 'political']","1606 McCormick Ave, Washington, IN 47501, USA",22800,19457.105454545406,1.84
URN:EMERGENCY:UID:GIS:SSAP:16256:GREENE.IN.US,IN,39.0426579996,-87.1713139999,990 5TH ST NW,LINTON,47441,IN,GREENE,1,19.777107,16.806161,LINTON MUNICIPAL UTILITIES,Municipal,1,1,2020,9,20,76,1290.81818181818,Linton,"['locality', 'political']","990 5th St NW, Linton, IN 47441, USA",22800,23544.523636363607,2.23
URN:EMERGENCY:UID:GIS:SSAP:2705:DAVIESS.IN.US,IN,38.6603570004,-87.1736969997,109 E FLORA ST,WASHINGTON,47501,IN,DAVIESS,1,20.305114,17.5337844722222,WASHINGTON LIGHT AND POWER,Municipal,1,1,2020,9,5,76,1147.54545454545,Washington Catholic Preschool,"['school', 'point_of_interest', 'establishment']","109 E Flora St, Washington, IN 47501, USA",22800,20931.229090909008,1.98
URN:EMERGENCY:UID:GIS:SSAP:4937:DAVIESS.IN.US,IN,38.65804,-87.1956349995,108 NW 17TH ST,WASHINGTON,47501,IN,DAVIESS,1,21.171835,17.5337844722222,WASHINGTON LIGHT AND POWER,Municipal,1,1,2016,3,29,74,1177.45454545454,Washington,"['locality', 'political']","108 NW 17th St, Washington, IN 47501, USA",22200,20911.592727272633,1.98
URN:EMERGENCY:UID:GIS:SSAP:1063:DUBOIS.IN.US,IN,38.3079849997,-86.9525590001,517 PLEASANT VIEW DRIVE,HUNTINGBURG,47542,IN,DUBOIS,1,18.645156,16.6477850588235,HUNTINGBURG MUNICIPAL ELECTRIC UTILITY,Municipal,1,1,2022,5,12,73,1254.90909090909,Huntingburg,"['locality', 'political']","509 Pleasant View Dr, Huntingburg, IN 47542, USA",21900,21986.00727272726,2.08
URN:EMERGENCY:UID:GIS:SSAP:1317:DUBOIS.IN.US,IN,38.303726,-86.948793,708 EAST TENTH STREET,HUNTINGBURG,47542,IN,DUBOIS,1,18.645156,16.6477850588235,HUNTINGBURG MUNICIPAL ELECTRIC UTILITY,Municipal,1,1,2022,5,12,73,1157.63636363636,Huntingburg,"['locality', 'political']","708 10th St, Huntingburg, IN 47542, USA",21900,20281.78909090903,1.92
URN:EMERGENCY:UID:GIS:SSAP:14950:GREENE.IN.US,IN,39.0343649996,-87.1771260004,935 A ST NW,LINTON,47441,IN,GREENE,1,19.777107,16.806161,LINTON MUNICIPAL UTILITIES,Municipal,1,1,2020,9,20,73,1224.72727272727,Dollar General,"['convenience_store', 'drugstore', 'home_goods_store', 'food', 'point_of_interest', 'health', 'store', 'establishment']","935 A St NW, Linton, IN 47441, USA",21900,21457.221818181773,2.03
URN:EMERGENCY:UID:GIS:SSAP:1059:DUBOIS.IN.US,IN,38.3093110004,-86.9523780003,504 PLEASANT VIEW DRIVE,HUNTINGBURG,47542,IN,DUBOIS,1,18.645156,16.6477850588235,HUNTINGBURG MUNICIPAL ELECTRIC UTILITY,Municipal,1,1,2022,5,12,73,1246.18181818181,Huntingburg,"['locality', 'political']","504 Pleasant View Dr, Huntingburg, IN 47542, USA",21900,21833.10545454531,2.07
URN:EMERGENCY:UID:GIS:SSAP:2300:DAVIESS.IN.US,IN,38.6567660002,-87.1783500003,209 W MAIN ST,WASHINGTON,47501,IN,DAVIESS,1,21.171835,17.5337844722222,WASHINGTON LIGHT AND POWER,Municipal,1,1,2020,9,5,73,1184.90909090909,Harvest Community Fellowship,"['church', 'place_of_worship', 'point_of_interest', 'establishment']","209 W Main St, Washington, IN 47501, USA",21900,20759.60727272726,1.96
URN:EMERGENCY:UID:GIS:SSAP:2552:DAVIESS.IN.US,IN,38.6585569999,-87.1861269998,809 W WALNUT ST,WASHINGTON,47501,IN,DAVIESS,1,21.171835,17.5337844722222,WASHINGTON LIGHT AND POWER,Municipal,1,1,2020,9,5,70,1112.0,First Choice Solutions,"['health', 'point_of_interest', 'establishment']","805 W Walnut St, Washington, IN 47501, USA",21000,18681.600000000002,1.77
URN:EMERGENCY:UID:GIS:SSAP:4720:DAVIESS.IN.US,IN,38.6584489999,-87.1944689996,1519 W WALNUT ST,WASHINGTON,47501,IN,DAVIESS,1,21.171835,17.5337844722222,WASHINGTON LIGHT AND POWER,Municipal,1,1,2020,9,5,70,1019.45454545454,Washington,"['locality', 'political']","1519 W Walnut St, Washington, IN 47501, USA",21000,17126.836363636274,1.62
URN:EMERGENCY:UID:GIS:SSAP:2489:DAVIESS.IN.US,IN,38.6584939999,-87.176326,11 W WALNUT ST,WASHINGTON,47501,IN,DAVIESS,1,21.171835,17.5337844722222,WASHINGTON LIGHT AND POWER,Municipal,1,1,2020,9,5,69,1203.54545454545,Parsons Kimberly W DDS,"['dentist', 'point_of_interest', 'health', 'establishment']","11 W Walnut St, Washington, IN 47501, USA",20700,19930.71272727265,1.89
URN:EMERGENCY:UID:GIS:SSAP:2426:DAVIESS.IN.US,IN,38.6578980002,-87.1748690003,4 E VAN TREES ST,WASHINGTON,47501,IN,DAVIESS,1,20.305114,17.5337844722222,WASHINGTON LIGHT AND POWER,Municipal,1,1,2020,9,5,68,1216.72727272727,Washington Christ United Methodist Church,"['church', 'place_of_worship', 'point_of_interest', 'establishment']","100 E Van Trees St, Washington, IN 47501, USA",20400,19856.989090909046,1.88
URN:EMERGENCY:UID:GIS:SSAP:2339:DAVIESS.IN.US,IN,38.6570190001,-87.1851509999,712 W MAIN ST,WASHINGTON,47501,IN,DAVIESS,1,21.171835,17.5337844722222,WASHINGTON LIGHT AND POWER,Municipal,1,1,2020,9,5,68,1149.63636363636,Underwood Electric,"['electrician', 'point_of_interest', 'establishment']","712 W Main St, Washington, IN 47501, USA",20400,18762.065454545398,1.78
URN:EMERGENCY:UID:GIS:SSAP:3056:DAVIESS.IN.US,IN,38.6578939996,-87.174591,101 NE 1ST ST,WASHINGTON,47501,IN,DAVIESS,1,20.305114,17.5337844722222,WASHINGTON LIGHT AND POWER,Municipal,1,1,2020,9,5,68,1216.72727272727,Washington Christ United Methodist Church,"['church', 'place_of_worship', 'point_of_interest', 'establishment']","101 NE 1st St, Washington, IN 47501, USA",20400,19856.989090909046,1.88
URN:EMERGENCY:UID:GIS:SSAP:3049:DAVIESS.IN.US,IN,38.6580259999,-87.1745349997,103 NE 1ST ST,WASHINGTON,47501,IN,DAVIESS,1,20.305114,17.5337844722222,WASHINGTON LIGHT AND POWER,Municipal,1,1,2020,9,5,68,1216.72727272727,Washington Christ United Methodist Church,"['church', 'place_of_worship', 'point_of_interest', 'establishment']","103 NE 1st St, Washington, IN 47501, USA",20400,19856.989090909046,1.88
URN:EMERGENCY:UID:GIS:SSAP:1433:DUBOIS.IN.US,IN,38.3017549999,-86.9496039997,813 NORTH WASHINGTON STREET,HUNTINGBURG,47542,IN,DUBOIS,1,18.645156,16.6477850588235,HUNTINGBURG MUNICIPAL ELECTRIC UTILITY,Municipal,1,1,2022,5,12,67,1226.54545454545,Huntingburg holiness Church,"['church', 'place_of_worship', 'point_of_interest', 'establishment']","813 N Washington St, Huntingburg, IN 47542, USA",20100,19722.850909090837,1.87
URN:EMERGENCY:UID:GIS:SSAP:14494:GREENE.IN.US,IN,39.0400430002,-87.1726620001,626 G ST NW,LINTON,47441,IN,GREENE,1,19.777107,16.806161,LINTON MUNICIPAL UTILITIES,Municipal,1,1,2020,9,20,66,1103.0909090909,Linton,"['locality', 'political']","626 NW G St, Linton, IN 47441, USA",19800,17472.959999999857,1.65
URN:EMERGENCY:UID:GIS:SSAP:2274:DAVIESS.IN.US,IN,38.6568759996,-87.1644899999,917 E MAIN ST,WASHINGTON,47501,IN,DAVIESS,1,20.305114,17.5337844722222,WASHINGTON LIGHT AND POWER,Municipal,1,1,2016,3,29,66,1154.27272727272,Washington,"['locality', 'political']","917 E Main St, Washington, IN 47501, USA",19800,18283.679999999888,1.73
URN:EMERGENCY:UID:GIS:SSAP:1066:DUBOIS.IN.US,IN,38.3083599997,-86.9529710005,511 PLEASANT VIEW DRIVE,HUNTINGBURG,47542,IN,DUBOIS,1,18.645156,16.6477850588235,HUNTINGBURG MUNICIPAL ELECTRIC UTILITY,Municipal,1,1,2022,5,12,66,1264.27272727272,Huntingburg,"['locality', 'political']","511 Pleasant View Dr, Huntingburg, IN 47542, USA",19800,20026.079999999885,1.9
URN:EMERGENCY:UID:GIS:SSAP:3050:DAVIESS.IN.US,IN,38.6581370004,-87.1745559997,105 NE 1ST ST,WASHINGTON,47501,IN,DAVIESS,1,20.305114,17.5337844722222,WASHINGTON LIGHT AND POWER,Municipal,1,1,2016,3,29,65,1232.36363636363,Washington Christ United Methodist Church,"['church', 'place_of_worship', 'point_of_interest', 'establishment']","103 NE 1st St, Washington, IN 47501, USA",19500,19224.87272727263,1.82
URN:EMERGENCY:UID:GIS:SSAP:3051:DAVIESS.IN.US,IN,38.6582769999,-87.1745560004,109 NE 1ST ST,WASHINGTON,47501,IN,DAVIESS,1,20.305114,17.5337844722222,WASHINGTON LIGHT AND POWER,Municipal,1,1,2016,3,29,65,1232.36363636363,Washington Christ United Methodist Church,"['church', 'place_of_worship', 'point_of_interest', 'establishment']","109 NE 1st St, Washington, IN 47501, USA",19500,19224.87272727263,1.82
URN:EMERGENCY:UID:GIS:SSAP:2476:DUBOIS.IN.US,IN,38.2945789997,-86.954516,406 EAST THIRD STREET,HUNTINGBURG,47542,IN,DUBOIS,1,18.645156,16.7409827428571,HUNTINGBURG MUNICIPAL ELECTRIC UTILITY,Municipal,1,1,2022,5,12,65,1086.90909090909,Faith Community Church of the Nazarene,"['church', 'place_of_worship', 'point_of_interest', 'establishment']","406 E 3rd St, Huntingburg, IN 47542, USA",19500,16955.781818181807,1.6
URN:EMERGENCY:UID:GIS:SSAP:1062:DUBOIS.IN.US,IN,38.30836,-86.9521030001,521 PLEASANT VIEW DRIVE,HUNTINGBURG,47542,IN,DUBOIS,1,18.645156,16.6477850588235,HUNTINGBURG MUNICIPAL ELECTRIC UTILITY,Municipal,1,1,2022,5,12,64,1306.72727272727,Huntingburg,"['locality', 'political']","521 Pleasant View Dr, Huntingburg, IN 47542, USA",19200,20071.33090909087,1.9
URN:EMERGENCY:UID:GIS:SSAP:1061:DUBOIS.IN.US,IN,38.3088860001,-86.9518909995,525 PLEASANT VIEW DRIVE,HUNTINGBURG,47542,IN,DUBOIS,1,18.645156,16.6477850588235,HUNTINGBURG MUNICIPAL ELECTRIC UTILITY,Municipal,1,1,2022,5,12,64,1315.45454545454,Huntingburg,"['locality', 'political']","525 Pleasant View Dr, Huntingburg, IN 47542, USA",19200,20205.381818181733,1.91
URN:EMERGENCY:UID:GIS:SSAP:2011:PARKE.IN.US,IN,39.7944140003,-87.3714830005,1041 NORTH JEFFERSON STREET,MONTEZUMA,47862,IN,PARKE,1,18.75224,16.6936076521739,MONTEZUMA MUNICIPAL UTILITIES,Municipal,1,0,2022,6,19,63,1092.0,Brown Mack Funeral Home,"['funeral_home', 'point_of_interest', 'establishment']","1041 N Jefferson St, Montezuma, IN 47862, USA",18900,16511.04,1.56
URN:EMERGENCY:UID:GIS:SSAP:5655:DAVIESS.IN.US,IN,38.6604200003,-87.2088770001,2332 OAKGROVE RD,WASHINGTON,47501,IN,DAVIESS,1,21.171835,17.5337844722222,WASHINGTON LIGHT AND POWER,Municipal,1,1,2020,9,5,63,1239.36363636363,Washington,"['locality', 'political']","2332 Oakgrove Rd, Washington, IN 47501, USA",18900,18739.178181818086,1.77
URN:EMERGENCY:UID:GIS:SSAP:763:DUBOIS.IN.US,IN,38.2958910004,-86.9583790002,203 EAST FOURTH STREET,HUNTINGBURG,47542,IN,DUBOIS,1,18.645156,16.7409827428571,HUNTINGBURG MUNICIPAL ELECTRIC UTILITY,Municipal,1,1,2022,5,12,63,1192.54545454545,Salem United Church of Christ,"['church', 'place_of_worship', 'point_of_interest', 'establishment']","203 E 4th St, Huntingburg, IN 47542, USA",18900,18031.2872727272,1.71
URN:EMERGENCY:UID:GIS:SSAP:4724:DAVIESS.IN.US,IN,38.6583869999,-87.1951190004,1605 W WALNUT ST,WASHINGTON,47501,IN,DAVIESS,1,21.171835,17.5337844722222,WASHINGTON LIGHT AND POWER,Municipal,1,1,2020,9,5,61,1250.63636363636,Washington,"['locality', 'political']","1605 W Walnut St, Washington, IN 47501, USA",18300,18309.316363636313,1.73
URN:EMERGENCY:UID:GIS:SSAP:2405:DAVIESS.IN.US,IN,38.657904,-87.1843910005,704 W VAN TREES ST,WASHINGTON,47501,IN,DAVIESS,1,21.171835,17.5337844722222,WASHINGTON LIGHT AND POWER,Municipal,1,1,2020,9,5,60,1086.54545454545,Cornerstone Christian School,"['school', 'point_of_interest', 'establishment']","704 W Van Trees St, Washington, IN 47501, USA",18000,15646.254545454482,1.48
URN:EMERGENCY:UID:GIS:SSAP:2253:DAVIESS.IN.US,IN,38.6568439999,-87.1717599996,311 E MAIN ST,WASHINGTON,47501,IN,DAVIESS,1,20.305114,17.5337844722222,WASHINGTON LIGHT AND POWER,Municipal,1,1,2020,9,5,60,1320.72727272727,Light House Recovery Center,"['health', 'point_of_interest', 'establishment']","313 E Main St, Washington, IN 47501, USA",18000,19018.47272727269,1.8
URN:EMERGENCY:UID:GIS:SSAP:2142:DUBOIS.IN.US,IN,38.296345,-86.9496329996,407 NORTH WASHINGTON STREET,HUNTINGBURG,47542,IN,DUBOIS,1,18.645156,16.7409827428571,HUNTINGBURG MUNICIPAL ELECTRIC UTILITY,Municipal,1,1,2022,5,12,60,1232.45454545454,St Mary's Catholic Church & Rectory,"['church', 'place_of_worship', 'point_of_interest', 'establishment']","407 N Washington St, Huntingburg, IN 47542, USA",18000,17747.34545454538,1.68
URN:EMERGENCY:UID:GIS:SSAP:1065:DUBOIS.IN.US,IN,38.3080849997,-86.9531619998,513 PLEASANT VIEW DRIVE,HUNTINGBURG,47542,IN,DUBOIS,1,18.645156,16.6477850588235,HUNTINGBURG MUNICIPAL ELECTRIC UTILITY,Municipal,1,1,2022,5,12,60,1202.18181818181,Huntingburg,"['locality', 'political']","505 Pleasant View Dr, Huntingburg, IN 47542, USA",18000,17311.418181818066,1.64
URN:EMERGENCY:UID:GIS:SSAP:2250:DAVIESS.IN.US,IN,38.6568560004,-87.1716879996,313 E MAIN ST,WASHINGTON,47501,IN,DAVIESS,1,20.305114,17.5337844722222,WASHINGTON LIGHT AND POWER,Municipal,1,1,2020,9,5,60,1320.72727272727,Light House Recovery Center,"['health', 'point_of_interest', 'establishment']","313 E Main St, Washington, IN 47501, USA",18000,19018.47272727269,1.8
URN:EMERGENCY:UID:GIS:SSAP:1060:DUBOIS.IN.US,IN,38.3094029999,-86.9520279997,506 PLEASANT VIEW DRIVE,HUNTINGBURG,47542,IN,DUBOIS,1,18.645156,16.6477850588235,HUNTINGBURG MUNICIPAL ELECTRIC UTILITY,Municipal,1,1,2022,5,12,59,1191.90909090909,Huntingburg,"['locality', 'political']","506 Pleasant View Dr, Huntingburg, IN 47542, USA",17700,16877.432727272717,1.6
URN:EMERGENCY:UID:GIS:SSAP:4148:DAVIESS.IN.US,IN,38.6662960003,-87.1690719998,1002 NE 6TH ST,WASHINGTON,47501,IN,DAVIESS,1,20.305114,17.5003389729729,WASHINGTON LIGHT AND POWER,Municipal,1,1,2020,9,5,57,1135.0909090909,Good Shepherd Lutheran Church,"['church', 'place_of_worship', 'point_of_interest', 'establishment']","1006 NE 6th St, Washington, IN 47501, USA",17100,15528.043636363513,1.47
URN:EMERGENCY:UID:GIS:SSAP:15652:GREENE.IN.US,IN,39.0403680002,-87.1624560004,350 G ST NE,LINTON,47441,IN,GREENE,1,19.777107,16.806161,LINTON MUNICIPAL UTILITIES,Municipal,1,1,2020,9,20,57,1164.0909090909,Linton,"['locality', 'political']","350 NE G St, Linton, IN 47441, USA",17100,15924.763636363514,1.51
URN:EMERGENCY:UID:GIS:SSAP:2704:DAVIESS.IN.US,IN,38.6605670001,-87.1740549996,102 E FLORA ST,WASHINGTON,47501,IN,DAVIESS,1,20.305114,17.5337844722222,WASHINGTON LIGHT AND POWER,Municipal,1,1,2020,9,5,50,1237.0909090909,Washington Catholic Preschool,"['school', 'point_of_interest', 'establishment']","102 E Flora St, Washington, IN 47501, USA",15000,14845.090909090799,1.4
URN:EMERGENCY:UID:GIS:SSAP:4689:DAVIESS.IN.US,IN,38.6584940003,-87.1898739996,1107 W WALNUT ST,WASHINGTON,47501,IN,DAVIESS,1,21.171835,17.5337844722222,WASHINGTON LIGHT AND POWER,Municipal,1,1,2020,9,5,48,1012.45454545454,Asambleas de Dios,"['church', 'place_of_worship', 'point_of_interest', 'establishment']","1107 W Walnut St, Washington, IN 47501, USA",14400,11663.476363636302,1.1
URN:EMERGENCY:UID:GIS:SSAP:16257:GREENE.IN.US,IN,39.0429649999,-87.1713500004,1010 5TH ST NW,LINTON,47441,IN,GREENE,1,19.777107,16.806161,LINTON MUNICIPAL UTILITIES,Municipal,1,1,2020,9,20,46,1218.0909090909,Linton,"['locality', 'political']","1010 5th St NW, Linton, IN 47441, USA",13800,13447.723636363538,1.27
URN:EMERGENCY:UID:GIS:SSAP:2247:DAVIESS.IN.US,IN,38.6570589996,-87.1715249998,320 E MAIN ST,WASHINGTON,47501,IN,DAVIESS,1,20.305114,17.5337844722222,WASHINGTON LIGHT AND POWER,Municipal,1,1,2020,9,5,45,1406.18181818181,Light House Recovery Center,"['health', 'point_of_interest', 'establishment']","324 E Main St, Washington, IN 47501, USA",13500,15186.763636363548,1.44
URN:EMERGENCY:UID:GIS:SSAP:14459:GREENE.IN.US,IN,39.0406930004,-87.171314,754 5TH ST NW,LINTON,47441,IN,GREENE,1,19.777107,16.806161,LINTON MUNICIPAL UTILITIES,Municipal,1,1,2020,9,20,45,1172.18181818181,Linton,"['locality', 'political']","754 5th St NW, Linton, IN 47441, USA",13500,12659.56363636355,1.2
URN:EMERGENCY:UID:GIS:SSAP:5309:DAVIESS.IN.US,IN,38.6523480004,-87.1763559998,504 SW 1ST ST,WASHINGTON,47501,IN,DAVIESS,1,20.305114,17.5337844722222,WASHINGTON LIGHT AND POWER,Municipal,1,1,2020,9,5,44,1236.27272727272,Church of the Nazarene,"['church', 'place_of_worship', 'point_of_interest', 'establishment']","15 W National Hwy, Washington, IN 47501, USA",13200,13055.039999999923,1.24
URN:EMERGENCY:UID:GIS:SSAP:1898:PARKE.IN.US,IN,39.7915960004,-87.3713920002,152 EAST ADAMS STREET,MONTEZUMA,47862,IN,PARKE,1,18.75224,16.7813196382978,MONTEZUMA MUNICIPAL UTILITIES,Municipal,1,0,2017,9,10,38,1238.45454545454,"Independent Baptist Church - Montezuma, IN","['church', 'place_of_worship', 'point_of_interest', 'establishment']","152 Adams St, Montezuma, IN 47862, USA",11400,11294.705454545407,1.07
URN:EMERGENCY:UID:GIS:SSAP:2004:PARKE.IN.US,IN,39.7915599998,-87.3711230006,779 NORTH JEFFERSON STREET,MONTEZUMA,47862,IN,PARKE,1,18.75224,16.7813196382978,MONTEZUMA MUNICIPAL UTILITIES,Municipal,1,0,2017,9,10,38,1238.45454545454,"Independent Baptist Church - Montezuma, IN","['church', 'place_of_worship', 'point_of_interest', 'establishment']","779 N Jefferson St, Montezuma, IN 47862, USA",11400,11294.705454545407,1.07
URN:EMERGENCY:UID:GIS:SSAP:2061:PARKE.IN.US,IN,39.79133,-87.3713789999,158 EAST ADAMS STREET,MONTEZUMA,47862,IN,PARKE,1,18.75224,16.7813196382978,MONTEZUMA MUNICIPAL UTILITIES,Municipal,1,0,2017,9,10,38,1238.45454545454,"Independent Baptist Church - Montezuma, IN","['church', 'place_of_worship', 'point_of_interest', 'establishment']","158 Adams St, Montezuma, IN 47862, USA",11400,11294.705454545407,1.07
